"RSID_locus","ref","Pvalue_locus","log10P_locus","chr_hg38_locus","start_hg38_locus","end_hg38_locus","window_left","window_right","RSID","pos_hg38","Chr","Pos_b37","Allele1","Allele2","Freq1","Effect","StdErr","P.value","log10P","n_total_sum","chr_hg38","start_hg38","end_hg38"
"rs1359232","Tin","5.59E-159",158.2525882,"chr6",25809483,25809493,25559488,26059488,"rs1165150",25841804,6,25842032,"t","c",0.5828,0.0847,0.0033,8.44e-145,144.0736576,457683,"chr6",25841799,25841809
"rs1359232","Tin","5.59E-159",158.2525882,"chr6",25809483,25809493,25559488,26059488,"rs1165151",25821388,6,25821616,"t","g",0.4133,-0.0868,0.0033,1.95e-151,150.7099654,457623,"chr6",25821383,25821393
"rs1359232","Tin","5.59E-159",158.2525882,"chr6",25809483,25809493,25559488,26059488,"rs1165152",25818538,6,25818766,"a","g",0.401,-0.0885,0.0033,1.33e-156,155.8761484,457636,"chr6",25818533,25818543
"rs1359232","Tin","5.59E-159",158.2525882,"chr6",25809483,25809493,25559488,26059488,"rs1165153",25817561,6,25817789,"a","g",0.4014,-0.0884,0.0033,1.55e-156,155.8096683,457638,"chr6",25817556,25817566
"rs1359232","Tin","5.59E-159",158.2525882,"chr6",25809483,25809493,25559488,26059488,"rs1165154",25816988,6,25817216,"t","c",0.4012,-0.0885,0.0033,1.84e-156,155.7351822,457639,"chr6",25816983,25816993
"rs1359232","Tin","5.59E-159",158.2525882,"chr6",25809483,25809493,25559488,26059488,"rs1165160",25864228,6,25864456,"a","g",0.416,-0.0845,0.0033,6.13e-144,143.2125395,457643,"chr6",25864223,25864233
"rs1359232","Tin","5.59E-159",158.2525882,"chr6",25809483,25809493,25559488,26059488,"rs1165176",25830070,6,25830298,"a","g",0.4122,-0.0862,0.0033,4.35e-149,148.3615107,456739,"chr6",25830065,25830075
"rs1359232","Tin","5.59E-159",158.2525882,"chr6",25809483,25809493,25559488,26059488,"rs1165177",25829431,6,25829659,"a","t",0.5873,0.0864,0.0033,1.27e-150,149.8961963,457689,"chr6",25829426,25829436
"rs1359232","Tin","5.59E-159",158.2525882,"chr6",25809483,25809493,25559488,26059488,"rs1165178",25827288,6,25827516,"a","g",0.4128,-0.0865,0.0033,1.19e-150,149.924453,457673,"chr6",25827283,25827293
"rs1359232","Tin","5.59E-159",158.2525882,"chr6",25809483,25809493,25559488,26059488,"rs1165179",25826286,6,25826514,"t","c",0.5872,0.0866,0.0033,4.14e-151,150.3829997,457647,"chr6",25826281,25826291
"rs1359232","Tin","5.59E-159",158.2525882,"chr6",25809483,25809493,25559488,26059488,"rs1165180",25826119,6,25826347,"a","t",0.4128,-0.0866,0.0033,3.22e-151,150.4921441,457647,"chr6",25826114,25826124
"rs1359232","Tin","5.59E-159",158.2525882,"chr6",25809483,25809493,25559488,26059488,"rs1165182",25837601,6,25837829,"a","g",0.4131,-0.086,0.0033,3.12e-149,148.5058454,457675,"chr6",25837596,25837606
"rs1359232","Tin","5.59E-159",158.2525882,"chr6",25809483,25809493,25559488,26059488,"rs1165183",25836152,6,25836380,"a","g",0.4162,-0.0861,0.0033,4.23e-149,148.3736596,457672,"chr6",25836147,25836157
"rs1359232","Tin","5.59E-159",158.2525882,"chr6",25809483,25809493,25559488,26059488,"rs1165185",25853484,6,25853712,"t","c",0.4293,-0.0855,0.0034,4.14e-137,136.3829997,447635,"chr6",25853479,25853489
"rs1359232","Tin","5.59E-159",158.2525882,"chr6",25809483,25809493,25559488,26059488,"rs1165190",25847791,6,25848019,"a","g",0.4134,-0.085,0.0033,3.24e-146,145.489455,457663,"chr6",25847786,25847796
"rs1359232","Tin","5.59E-159",158.2525882,"chr6",25809483,25809493,25559488,26059488,"rs1165192",25847502,6,25847730,"t","c",0.5843,0.0847,0.0033,8.04e-145,144.094744,457663,"chr6",25847497,25847507
"rs1359232","Tin","5.59E-159",158.2525882,"chr6",25809483,25809493,25559488,26059488,"rs1165195",25814852,6,25815080,"t","g",0.4008,-0.0889,0.0033,6.26e-158,157.2034257,457664,"chr6",25814847,25814857
"rs1359232","Tin","5.59E-159",158.2525882,"chr6",25809483,25809493,25559488,26059488,"rs1165196",25812922,6,25813150,"a","g",0.6006,0.0891,0.0033,6.27e-156,155.2027325,452029,"chr6",25812917,25812927
"rs1359232","Tin","5.59E-159",158.2525882,"chr6",25809483,25809493,25559488,26059488,"rs1165199",25808859,6,25809087,"t","c",0.5993,0.0891,0.0033,1.97e-158,157.7055338,457661,"chr6",25808854,25808864
"rs1359232","Tin","5.59E-159",158.2525882,"chr6",25809483,25809493,25559488,26059488,"rs1165205",25870314,6,25870542,"a","t",0.5844,0.0841,0.0033,2.49e-142,141.6038007,457642,"chr6",25870309,25870319
"rs1359232","Tin","5.59E-159",158.2525882,"chr6",25809483,25809493,25559488,26059488,"rs1165207",25865038,6,25865266,"t","c",0.4154,-0.0842,0.0033,7.41e-143,142.1301818,456536,"chr6",25865033,25865043
"rs1359232","Tin","5.59E-159",158.2525882,"chr6",25809483,25809493,25559488,26059488,"rs1165209",25801091,6,25801319,"a","g",0.5992,0.089,0.0033,1.85e-158,157.7328283,457669,"chr6",25801086,25801096
"rs1359232","Tin","5.59E-159",158.2525882,"chr6",25809483,25809493,25559488,26059488,"rs1165213",25799448,6,25799676,"a","g",0.5992,0.089,0.0033,3.76e-158,157.4248122,457684,"chr6",25799443,25799453
"rs1359232","Tin","5.59E-159",158.2525882,"chr6",25809483,25809493,25559488,26059488,"rs1165215",25798704,6,25798932,"a","g",0.5992,0.0891,0.0033,1.59e-158,157.7986029,457684,"chr6",25798699,25798709
"rs1359232","Tin","5.59E-159",158.2525882,"chr6",25809483,25809493,25559488,26059488,"rs11754288",25776721,6,25776949,"a","g",0.387,-0.0854,0.0034,7.73e-142,141.1118205,453156,"chr6",25776716,25776726
"rs1359232","Tin","5.59E-159",158.2525882,"chr6",25809483,25809493,25559488,26059488,"rs1177442",25808841,6,25809069,"a","g",0.4008,-0.089,0.0033,2.2e-158,157.6575773,457660,"chr6",25808836,25808846
"rs1359232","Tin","5.59E-159",158.2525882,"chr6",25809483,25809493,25559488,26059488,"rs1183200",25818418,6,25818646,"c","g",0.599,0.0885,0.0033,1.04e-156,155.9829667,457636,"chr6",25818413,25818423
"rs1359232","Tin","5.59E-159",158.2525882,"chr6",25809483,25809493,25559488,26059488,"rs1183201",25823216,6,25823444,"a","t",0.413,-0.0867,0.0033,2.83e-151,150.5482136,457623,"chr6",25823211,25823221
"rs1359232","Tin","5.59E-159",158.2525882,"chr6",25809483,25809493,25559488,26059488,"rs1183202",25834667,6,25834895,"a","g",0.4166,-0.0853,0.0033,1.7e-146,145.7695511,457679,"chr6",25834662,25834672
"rs1359232","Tin","5.59E-159",158.2525882,"chr6",25809483,25809493,25559488,26059488,"rs1184803",25834430,6,25834658,"t","c",0.4129,-0.0862,0.0033,4.79e-150,149.3196645,457679,"chr6",25834425,25834435
"rs1359232","Tin","5.59E-159",158.2525882,"chr6",25809483,25809493,25559488,26059488,"rs1184804",25867998,6,25868226,"t","c",0.4153,-0.084,0.0033,2.56e-142,141.59176,457636,"chr6",25867993,25868003
"rs1359232","Tin","5.59E-159",158.2525882,"chr6",25809483,25809493,25559488,26059488,"rs1185153",25834320,6,25834548,"a","g",0.4128,-0.0863,0.0033,3.24e-150,149.489455,457679,"chr6",25834315,25834325
"rs1359232","Tin","5.59E-159",158.2525882,"chr6",25809483,25809493,25559488,26059488,"rs1185567",25818360,6,25818588,"a","g",0.401,-0.0885,0.0033,9.04e-157,156.0438316,457636,"chr6",25818355,25818365
"rs1359232","Tin","5.59E-159",158.2525882,"chr6",25809483,25809493,25559488,26059488,"rs1185568",25834200,6,25834428,"a","t",0.5872,0.0863,0.0033,2.28e-150,149.6420652,457679,"chr6",25834195,25834205
"rs1359232","Tin","5.59E-159",158.2525882,"chr6",25809483,25809493,25559488,26059488,"rs1185569",25831375,6,25831603,"a","g",0.4127,-0.0864,0.0033,1.37e-150,149.8632794,457688,"chr6",25831370,25831380
"rs1359232","Tin","5.59E-159",158.2525882,"chr6",25809483,25809493,25559488,26059488,"rs1185978",25835667,6,25835895,"a","g",0.4129,-0.0863,0.0033,3.82e-150,149.4179366,457676,"chr6",25835662,25835672
"rs1359232","Tin","5.59E-159",158.2525882,"chr6",25809483,25809493,25559488,26059488,"rs12209125",25769561,6,25769789,"a","c",0.6384,0.0834,0.0034,3.83e-129,128.4168012,447634,"chr6",25769556,25769566
"rs1359232","Tin","5.59E-159",158.2525882,"chr6",25809483,25809493,25559488,26059488,"rs12212049",25758838,6,25759066,"t","g",0.3768,-0.0798,0.0034,8.73e-124,123.0589858,447632,"chr6",25758833,25758843
"rs1359232","Tin","5.59E-159",158.2525882,"chr6",25809483,25809493,25559488,26059488,"rs13197514",25785763,6,25785991,"t","c",0.3892,-0.0859,0.0034,9.94e-145,144.0026136,457663,"chr6",25785758,25785768
"rs1359232","Tin","5.59E-159",158.2525882,"chr6",25809483,25809493,25559488,26059488,"rs13197601",25785707,6,25785935,"a","g",0.3892,-0.0858,0.0034,3.3e-144,143.4814861,457663,"chr6",25785702,25785712
"rs1359232","Tin","5.59E-159",158.2525882,"chr6",25809483,25809493,25559488,26059488,"rs1359232",25809488,6,25809716,"a","c",0.4007,-0.0891,0.0033,5.59e-159,158.2525882,457635,"chr6",25809483,25809493
"rs1359232","Tin","5.59E-159",158.2525882,"chr6",25809483,25809493,25559488,26059488,"rs1408273",25840718,6,25840946,"a","g",0.4379,-0.0753,0.0032,9.51e-123,122.0218195,447635,"chr6",25840713,25840723
"rs1359232","Tin","5.59E-159",158.2525882,"chr6",25809483,25809493,25559488,26059488,"rs1747522",25821579,6,25821807,"a","t",0.5867,0.0869,0.0033,5.02e-152,151.2992963,457622,"chr6",25821574,25821584
"rs1359232","Tin","5.59E-159",158.2525882,"chr6",25809483,25809493,25559488,26059488,"rs1747550",25851305,6,25851533,"a","g",0.4156,-0.0845,0.0033,3.64e-144,143.4388986,457658,"chr6",25851300,25851310
"rs1359232","Tin","5.59E-159",158.2525882,"chr6",25809483,25809493,25559488,26059488,"rs1892249",25768764,6,25768992,"a","g",0.6127,0.0849,0.0034,4.99e-140,139.3018995,447634,"chr6",25768759,25768769
"rs1359232","Tin","5.59E-159",158.2525882,"chr6",25809483,25809493,25559488,26059488,"rs2328895",25801855,6,25802083,"t","c",0.5992,0.089,0.0033,3.28e-158,157.4841262,457666,"chr6",25801850,25801860
"rs1359232","Tin","5.59E-159",158.2525882,"chr6",25809483,25809493,25559488,26059488,"rs2762353",25794203,6,25794431,"a","g",0.4006,-0.089,0.0033,1.9e-157,156.7212464,456736,"chr6",25794198,25794208
"rs1359232","Tin","5.59E-159",158.2525882,"chr6",25809483,25809493,25559488,26059488,"rs2817188",25807375,6,25807603,"a","g",0.4008,-0.0891,0.0033,6.18e-159,158.2090115,457662,"chr6",25807370,25807380
"rs1359232","Tin","5.59E-159",158.2525882,"chr6",25809483,25809493,25559488,26059488,"rs35720558",25784572,6,25784800,"a","c",0.611,0.0858,0.0034,1.79e-144,143.747147,457665,"chr6",25784567,25784577
"rs1359232","Tin","5.59E-159",158.2525882,"chr6",25809483,25809493,25559488,26059488,"rs3757130",25770638,6,25770866,"a","g",0.388,-0.0852,0.0033,2.05e-143,142.6882461,457633,"chr6",25770633,25770643
"rs1359232","Tin","5.59E-159",158.2525882,"chr6",25809483,25809493,25559488,26059488,"rs3757131",25783681,6,25783909,"t","c",0.389,-0.0858,0.0034,1.44e-144,143.8416375,457670,"chr6",25783676,25783686
"rs1359232","Tin","5.59E-159",158.2525882,"chr6",25809483,25809493,25559488,26059488,"rs3799340",25762418,6,25762646,"t","c",0.3884,-0.0852,0.0033,7.64e-143,142.1169066,457572,"chr6",25762413,25762423
"rs1359232","Tin","5.59E-159",158.2525882,"chr6",25809483,25809493,25559488,26059488,"rs3799352",25822392,6,25822620,"t","c",0.5869,0.0869,0.0033,9.02e-152,151.0447935,457622,"chr6",25822387,25822397
"rs1359232","Tin","5.59E-159",158.2525882,"chr6",25809483,25809493,25559488,26059488,"rs566530",25878133,6,25878361,"t","c",0.4416,-0.0771,0.0033,7.67e-123,122.1152046,456649,"chr6",25878128,25878138
"rs1359232","Tin","5.59E-159",158.2525882,"chr6",25809483,25809493,25559488,26059488,"rs6905614",25840257,6,25840485,"a","c",0.5806,0.078,0.0032,4.71e-132,131.3269791,457682,"chr6",25840252,25840262
"rs1359232","Tin","5.59E-159",158.2525882,"chr6",25809483,25809493,25559488,26059488,"rs765285",25828014,6,25828242,"c","g",0.5872,0.0865,0.0033,8.1e-151,150.091515,457672,"chr6",25828009,25828019
"rs1359232","Tin","5.59E-159",158.2525882,"chr6",25809483,25809493,25559488,26059488,"rs9393672",25842377,6,25842605,"t","g",0.4376,-0.0759,0.0032,1.02e-124,123.9913998,453163,"chr6",25842372,25842382
"rs1359232","Tin","5.59E-159",158.2525882,"chr6",25809483,25809493,25559488,26059488,"rs942379",25849392,6,25849620,"a","g",0.4128,-0.0847,0.0033,1.26e-143,142.8996295,454938,"chr6",25849387,25849397
"rs1533096","Tin","3.16E-08",7.501000636,"chr4",4782407,4782417,4532412,5032412,"rs1533096",4782412,4,4784139,"c","g",0.5948,0.0198,0.0036,3.16e-08,7.501000636,457679,"chr4",4782407,4782417
"rs1533096","Tin","3.16E-08",7.501000636,"chr4",4782407,4782417,4532412,5032412,"rs1533097",4782424,4,4784151,"t","g",0.4043,-0.0196,0.0036,4.89e-08,7.310868803,455629,"chr4",4782419,4782429
"rs3775947","Tin","1.43e-1486",1485.844664,"chr4",9993611,9993621,9743616,10243616,"rs10010582",9935461,4,9937085,"t","c",0.246,-0.3198,0.0042,0,1284.61261,339520,"chr4",9935456,9935466
"rs3775947","Tin","1.43e-1486",1485.844664,"chr4",9993611,9993621,9743616,10243616,"rs10017945",9936228,4,9937852,"a","g",0.7275,0.3176,0.004,0,1337.730487,339525,"chr4",9936223,9936233
"rs3775947","Tin","1.43e-1486",1485.844664,"chr4",9993611,9993621,9743616,10243616,"rs1014290",10000237,4,10001861,"a","g",0.6949,0.2745,0.0034,0,1433.90309,453161,"chr4",10000232,10000242
"rs3775947","Tin","1.43e-1486",1485.844664,"chr4",9993611,9993621,9743616,10243616,"rs1071988",9973014,4,9974638,"a","g",0.7624,0.3275,0.0043,0,1268.939302,339474,"chr4",9973009,9973019
"rs3775947","Tin","1.43e-1486",1485.844664,"chr4",9993611,9993621,9743616,10243616,"rs10939637",9975953,4,9977577,"a","g",0.2332,-0.3251,0.0043,0,1245.856985,339475,"chr4",9975948,9975958
"rs3775947","Tin","1.43e-1486",1485.844664,"chr4",9993611,9993621,9743616,10243616,"rs10939638",9976051,4,9977675,"a","t",0.767,0.3252,0.0043,0,1243.642065,339475,"chr4",9976046,9976056
"rs3775947","Tin","1.43e-1486",1485.844664,"chr4",9993611,9993621,9743616,10243616,"rs11722229",9979073,4,9980697,"a","c",0.7614,0.3251,0.0043,0,1244.316053,338517,"chr4",9979068,9979078
"rs3775947","Tin","1.43e-1486",1485.844664,"chr4",9993611,9993621,9743616,10243616,"rs11723439",9950195,4,9951819,"t","c",0.192,-0.3583,0.0047,0,1285.769551,329476,"chr4",9950190,9950200
"rs3775947","Tin","1.43e-1486",1485.844664,"chr4",9993611,9993621,9743616,10243616,"rs11726102",9950040,4,9951664,"t","c",0.7557,0.3272,0.0042,0,1327.163043,339521,"chr4",9950035,9950045
"rs3775947","Tin","1.43e-1486",1485.844664,"chr4",9993611,9993621,9743616,10243616,"rs11727666",9934869,4,9936493,"c","g",0.7557,0.3232,0.0042,0,1305.497573,339521,"chr4",9934864,9934874
"rs3775947","Tin","1.43e-1486",1485.844664,"chr4",9993611,9993621,9743616,10243616,"rs11734219",9975530,4,9977154,"t","c",0.7668,0.3251,0.0043,0,1245.595166,339475,"chr4",9975525,9975535
"rs3775947","Tin","1.43e-1486",1485.844664,"chr4",9993611,9993621,9743616,10243616,"rs11735831",9949967,4,9951591,"a","g",0.2436,-0.3275,0.0042,0,1321.289883,339515,"chr4",9949962,9949972
"rs3775947","Tin","1.43e-1486",1485.844664,"chr4",9993611,9993621,9743616,10243616,"rs11942223",9961141,4,9962765,"t","c",0.7642,0.3285,0.0042,0,1310.89279,339527,"chr4",9961136,9961146
"rs3775947","Tin","1.43e-1486",1485.844664,"chr4",9993611,9993621,9743616,10243616,"rs11943372",9997722,4,9999346,"a","t",0.694,0.2766,0.0034,0,1478.333482,457683,"chr4",9997717,9997727
"rs3775947","Tin","1.43e-1486",1485.844664,"chr4",9993611,9993621,9743616,10243616,"rs12498742",9942428,4,9944052,"a","g",0.7359,0.3283,0.0041,0,1381.223299,339510,"chr4",9942423,9942433
"rs3775947","Tin","1.43e-1486",1485.844664,"chr4",9993611,9993621,9743616,10243616,"rs12507606",9932937,4,9934561,"t","c",0.2467,-0.3198,0.0042,0,1284.347754,339527,"chr4",9932932,9932942
"rs3775947","Tin","1.43e-1486",1485.844664,"chr4",9993611,9993621,9743616,10243616,"rs13106991",9957387,4,9959011,"a","g",0.2094,-0.3477,0.0044,0,1361.402305,339524,"chr4",9957382,9957392
"rs3775947","Tin","1.43e-1486",1485.844664,"chr4",9993611,9993621,9743616,10243616,"rs13111638",9995266,4,9996890,"t","c",0.1825,-0.356,0.0045,0,1344.206908,455630,"chr4",9995261,9995271
"rs3775947","Tin","1.43e-1486",1485.844664,"chr4",9993611,9993621,9743616,10243616,"rs13113918",9996869,4,9998493,"a","g",0.204,-0.3467,0.0043,0,1392.735182,456735,"chr4",9996864,9996874
"rs3775947","Tin","1.43e-1486",1485.844664,"chr4",9993611,9993621,9743616,10243616,"rs13115469",9923521,4,9925145,"t","c",0.2495,-0.332,0.0042,0,1346.031517,339513,"chr4",9923516,9923526
"rs3775947","Tin","1.43e-1486",1485.844664,"chr4",9993611,9993621,9743616,10243616,"rs13125209",9980420,4,9982044,"a","c",0.2331,-0.3251,0.0043,0,1237.935542,338569,"chr4",9980415,9980425
"rs3775947","Tin","1.43e-1486",1485.844664,"chr4",9993611,9993621,9743616,10243616,"rs13125646",9980706,4,9982330,"a","g",0.225,-0.3211,0.0043,0,1222.623423,456736,"chr4",9980701,9980711
"rs3775947","Tin","1.43e-1486",1485.844664,"chr4",9993611,9993621,9743616,10243616,"rs13129697",9925343,4,9926967,"t","g",0.6379,0.2528,0.0033,0,1299.437707,454558,"chr4",9925338,9925348
"rs3775947","Tin","1.43e-1486",1485.844664,"chr4",9993611,9993621,9743616,10243616,"rs13131257",9980265,4,9981889,"t","c",0.2373,-0.3277,0.0043,0,1253.014574,337297,"chr4",9980260,9980270
"rs3775947","Tin","1.43e-1486",1485.844664,"chr4",9993611,9993621,9743616,10243616,"rs13137069",9926393,4,9928017,"t","c",0.2419,-0.3294,0.0042,0,1336.01055,339455,"chr4",9926388,9926398
"rs3775947","Tin","1.43e-1486",1485.844664,"chr4",9993611,9993621,9743616,10243616,"rs13145758",9980373,4,9981997,"a","g",0.767,0.3253,0.0043,0,1245.138466,339519,"chr4",9980368,9980378
"rs3775947","Tin","1.43e-1486",1485.844664,"chr4",9993611,9993621,9743616,10243616,"rs16868246",9976681,4,9978305,"c","g",0.2368,-0.3282,0.0043,0,1267.924453,338680,"chr4",9976676,9976686
"rs3775947","Tin","1.43e-1486",1485.844664,"chr4",9993611,9993621,9743616,10243616,"rs16890979",9920543,4,9922167,"t","c",0.2406,-0.3302,0.0042,0,1328.009217,338584,"chr4",9920538,9920548
"rs3775947","Tin","1.43e-1486",1485.844664,"chr4",9993611,9993621,9743616,10243616,"rs28592748",9996981,4,9998605,"t","c",0.204,-0.3467,0.0043,0,1399.742321,457686,"chr4",9996976,9996986
"rs3775947","Tin","1.43e-1486",1485.844664,"chr4",9993611,9993621,9743616,10243616,"rs3733588",9995679,4,9997303,"a","g",0.6935,0.2766,0.0034,0,1477.906578,456568,"chr4",9995674,9995684
"rs3775947","Tin","1.43e-1486",1485.844664,"chr4",9993611,9993621,9743616,10243616,"rs3775946",9993632,4,9995256,"a","g",0.3077,-0.2768,0.0034,0,1482.954677,457656,"chr4",9993627,9993637
"rs3775947","Tin","1.43e-1486",1485.844664,"chr4",9993611,9993621,9743616,10243616,"rs3775947",9993616,4,9995240,"t","c",0.691,0.2765,0.0033,0,1485.844664,457669,"chr4",9993611,9993621
"rs3775947","Tin","1.43e-1486",1485.844664,"chr4",9993611,9993621,9743616,10243616,"rs3775948",9993558,4,9995182,"c","g",0.6907,0.2746,0.0033,0,1468.88941,456835,"chr4",9993553,9993563
"rs3775947","Tin","1.43e-1486",1485.844664,"chr4",9993611,9993621,9743616,10243616,"rs4235345",9928595,4,9930219,"a","g",0.2186,-0.3416,0.0043,0,1343.742321,339450,"chr4",9928590,9928600
"rs3775947","Tin","1.43e-1486",1485.844664,"chr4",9993611,9993621,9743616,10243616,"rs4385059",9987609,4,9989233,"t","c",0.8214,0.3529,0.0046,0,1280.692504,456664,"chr4",9987604,9987614
"rs3775947","Tin","1.43e-1486",1485.844664,"chr4",9993611,9993621,9743616,10243616,"rs4428284",9994768,4,9996392,"a","t",0.1815,-0.3561,0.0045,0,1343.317855,456878,"chr4",9994763,9994773
"rs3775947","Tin","1.43e-1486",1485.844664,"chr4",9993611,9993621,9743616,10243616,"rs4447862",9930021,4,9931645,"c","g",0.6366,0.252,0.0032,0,1314.696804,456830,"chr4",9930016,9930026
"rs3775947","Tin","1.43e-1486",1485.844664,"chr4",9993611,9993621,9743616,10243616,"rs4475146",9945032,4,9946656,"a","c",0.244,-0.3269,0.0042,0,1323.860121,339509,"chr4",9945027,9945037
"rs3775947","Tin","1.43e-1486",1485.844664,"chr4",9993611,9993621,9743616,10243616,"rs4481233",9954455,4,9956079,"t","c",0.1812,-0.3601,0.0047,0,1295.954677,338366,"chr4",9954450,9954460
"rs3775947","Tin","1.43e-1486",1485.844664,"chr4",9993611,9993621,9743616,10243616,"rs4529048",9995488,4,9997112,"a","c",0.6917,0.2739,0.0033,0,1453.452225,456543,"chr4",9995483,9995493
"rs3775947","Tin","1.43e-1486",1485.844664,"chr4",9993611,9993621,9743616,10243616,"rs4591605",10001095,4,10002719,"t","c",0.2006,-0.3463,0.0044,0,1374.501689,457645,"chr4",10001090,10001100
"rs3775947","Tin","1.43e-1486",1485.844664,"chr4",9993611,9993621,9743616,10243616,"rs4639073",9972157,4,9973781,"t","c",0.7892,0.342,0.0044,0,1300.380907,329477,"chr4",9972152,9972162
"rs3775947","Tin","1.43e-1486",1485.844664,"chr4",9993611,9993621,9743616,10243616,"rs4697699",9944098,4,9945722,"t","c",0.7561,0.3269,0.0042,0,1323.643974,339511,"chr4",9944093,9944103
"rs3775947","Tin","1.43e-1486",1485.844664,"chr4",9993611,9993621,9743616,10243616,"rs4697700",9944168,4,9945792,"c","g",0.2566,-0.3087,0.0041,0,1214.227678,338371,"chr4",9944163,9944173
"rs3775947","Tin","1.43e-1486",1485.844664,"chr4",9993611,9993621,9743616,10243616,"rs4697701",9944471,4,9946095,"a","g",0.3589,-0.2493,0.0033,0,1275.686133,457651,"chr4",9944466,9944476
"rs3775947","Tin","1.43e-1486",1485.844664,"chr4",9993611,9993621,9743616,10243616,"rs4697913",9939638,4,9941262,"t","c",0.2327,-0.3271,0.0042,0,1313.508638,339518,"chr4",9939633,9939643
"rs3775947","Tin","1.43e-1486",1485.844664,"chr4",9993611,9993621,9743616,10243616,"rs5028843",9939182,4,9940806,"a","g",0.2698,-0.3204,0.0041,0,1352.193142,339517,"chr4",9939177,9939187
"rs3775947","Tin","1.43e-1486",1485.844664,"chr4",9993611,9993621,9743616,10243616,"rs6449137",9930855,4,9932479,"a","t",0.6364,0.2519,0.0032,0,1315.939302,457628,"chr4",9930850,9930860
"rs3775947","Tin","1.43e-1486",1485.844664,"chr4",9993611,9993621,9743616,10243616,"rs6449139",9932487,4,9934111,"a","c",0.727,0.318,0.0041,0,1340.368556,339533,"chr4",9932482,9932492
"rs3775947","Tin","1.43e-1486",1485.844664,"chr4",9993611,9993621,9743616,10243616,"rs6449173",9964481,4,9966105,"t","g",0.7641,0.3278,0.0042,0,1307.108463,339534,"chr4",9964476,9964486
"rs3775947","Tin","1.43e-1486",1485.844664,"chr4",9993611,9993621,9743616,10243616,"rs6449213",9992591,4,9994215,"t","c",0.8199,0.3512,0.0046,0,1277.838632,452055,"chr4",9992586,9992596
"rs3775947","Tin","1.43e-1486",1485.844664,"chr4",9993611,9993621,9743616,10243616,"rs6823324",9930735,4,9932359,"t","c",0.7279,0.3215,0.0041,0,1359.089376,339476,"chr4",9930730,9930740
"rs3775947","Tin","1.43e-1486",1485.844664,"chr4",9993611,9993621,9743616,10243616,"rs6828184",9934776,4,9936400,"a","g",0.2442,-0.3233,0.0042,0,1305.50724,339522,"chr4",9934771,9934781
"rs3775947","Tin","1.43e-1486",1485.844664,"chr4",9993611,9993621,9743616,10243616,"rs6832439",9922695,4,9924319,"a","g",0.2451,-0.3308,0.0042,0,1335.627088,339513,"chr4",9922690,9922700
"rs3775947","Tin","1.43e-1486",1485.844664,"chr4",9993611,9993621,9743616,10243616,"rs6832456",9922712,4,9924336,"a","c",0.2514,-0.3329,0.0042,0,1353.841638,339513,"chr4",9922707,9922717
"rs3775947","Tin","1.43e-1486",1485.844664,"chr4",9993611,9993621,9743616,10243616,"rs6837336",9930886,4,9932510,"a","g",0.2447,-0.3239,0.0042,0,1307.970616,339470,"chr4",9930881,9930891
"rs3775947","Tin","1.43e-1486",1485.844664,"chr4",9993611,9993621,9743616,10243616,"rs6838021",9925996,4,9927620,"t","c",0.2513,-0.3304,0.0042,0,1349.275724,339453,"chr4",9925991,9926001
"rs3775947","Tin","1.43e-1486",1485.844664,"chr4",9993611,9993621,9743616,10243616,"rs6855911",9934286,4,9935910,"a","g",0.727,0.3177,0.0041,0,1334.051098,338583,"chr4",9934281,9934291
"rs3775947","Tin","1.43e-1486",1485.844664,"chr4",9993611,9993621,9743616,10243616,"rs734553",9921380,4,9923004,"t","g",0.7323,0.3236,0.0041,0,1348.518557,338584,"chr4",9921375,9921385
"rs3775947","Tin","1.43e-1486",1485.844664,"chr4",9993611,9993621,9743616,10243616,"rs737267",9933120,4,9934744,"t","g",0.2725,-0.3166,0.0041,0,1304.694649,335008,"chr4",9933115,9933125
"rs3775947","Tin","1.43e-1486",1485.844664,"chr4",9993611,9993621,9743616,10243616,"rs7376960",9968946,4,9970570,"a","g",0.7907,0.3456,0.0044,0,1346.728158,339465,"chr4",9968941,9968951
"rs3775947","Tin","1.43e-1486",1485.844664,"chr4",9993611,9993621,9743616,10243616,"rs7439210",9970125,4,9971749,"c","g",0.7717,0.3235,0.0043,0,1233.623423,339473,"chr4",9970120,9970130
"rs3775947","Tin","1.43e-1486",1485.844664,"chr4",9993611,9993621,9743616,10243616,"rs7442295",9964756,4,9966380,"a","g",0.7642,0.3277,0.0042,0,1297.782516,337477,"chr4",9964751,9964761
"rs3775947","Tin","1.43e-1486",1485.844664,"chr4",9993611,9993621,9743616,10243616,"rs7660895",9983821,4,9985445,"a","g",0.3184,-0.2676,0.0034,0,1385.730487,447632,"chr4",9983816,9983826
"rs3775947","Tin","1.43e-1486",1485.844664,"chr4",9993611,9993621,9743616,10243616,"rs7663032",9992214,4,9993838,"t","c",0.6658,0.2507,0.0033,0,1235.017729,457687,"chr4",9992209,9992219
"rs3775947","Tin","1.43e-1486",1485.844664,"chr4",9993611,9993621,9743616,10243616,"rs7669607",9996177,4,9997801,"t","c",0.1998,-0.3402,0.0044,0,1329.744727,455617,"chr4",9996172,9996182
"rs3775947","Tin","1.43e-1486",1485.844664,"chr4",9993611,9993621,9743616,10243616,"rs7670751",9937149,4,9938773,"a","c",0.7293,0.3209,0.0041,0,1358.262013,339527,"chr4",9937144,9937154
"rs3775947","Tin","1.43e-1486",1485.844664,"chr4",9993611,9993621,9743616,10243616,"rs7675964",9939810,4,9941434,"t","c",0.3625,-0.2505,0.0032,0,1300.826814,456734,"chr4",9939805,9939815
"rs3775947","Tin","1.43e-1486",1485.844664,"chr4",9993611,9993621,9743616,10243616,"rs7678287",9998877,4,10000501,"a","g",0.2032,-0.3408,0.0046,0,1215.307153,401689,"chr4",9998872,9998882
"rs3775947","Tin","1.43e-1486",1485.844664,"chr4",9993611,9993621,9743616,10243616,"rs7679724",9983752,4,9985376,"t","g",0.6742,0.2665,0.0033,0,1378.982967,447632,"chr4",9983747,9983757
"rs3775947","Tin","1.43e-1486",1485.844664,"chr4",9993611,9993621,9743616,10243616,"rs7680126",9983972,4,9985596,"a","g",0.7838,0.3336,0.0044,0,1236.939302,328525,"chr4",9983967,9983977
"rs3775947","Tin","1.43e-1486",1485.844664,"chr4",9993611,9993621,9743616,10243616,"rs7682751",9974670,4,9976294,"a","g",0.2332,-0.325,0.0043,0,1247.055024,339474,"chr4",9974665,9974675
"rs3775947","Tin","1.43e-1486",1485.844664,"chr4",9993611,9993621,9743616,10243616,"rs7683856",9999323,4,10000947,"a","g",0.2041,-0.3467,0.0043,0,1398.462181,457684,"chr4",9999318,9999328
"rs3775947","Tin","1.43e-1486",1485.844664,"chr4",9993611,9993621,9743616,10243616,"rs7696983",9994205,4,9995829,"a","c",0.2041,-0.3467,0.0043,0,1401.226945,457670,"chr4",9994200,9994210
"rs3775947","Tin","1.43e-1486",1485.844664,"chr4",9993611,9993621,9743616,10243616,"rs874432",9918982,4,9920606,"a","t",0.243,-0.3272,0.0042,0,1312.376751,338719,"chr4",9918977,9918987
"rs3775947","Tin","1.43e-1486",1485.844664,"chr4",9993611,9993621,9743616,10243616,"rs938552",9923900,4,9925524,"t","c",0.2403,-0.3307,0.0042,0,1326.536107,338566,"chr4",9923895,9923905
"rs3775947","Tin","1.43e-1486",1485.844664,"chr4",9993611,9993621,9743616,10243616,"rs938554",9924068,4,9925692,"c","g",0.2402,-0.3307,0.0042,0,1332.343902,339517,"chr4",9924063,9924073
"rs3775947","Tin","1.43e-1486",1485.844664,"chr4",9993611,9993621,9743616,10243616,"rs938555",9924427,4,9926051,"a","g",0.2401,-0.3308,0.0042,0,1332.50724,339517,"chr4",9924422,9924432
"rs3775947","Tin","1.43e-1486",1485.844664,"chr4",9993611,9993621,9743616,10243616,"rs938558",9937581,4,9939205,"a","g",0.6371,0.2512,0.0032,0,1312.416801,457683,"chr4",9937576,9937586
"rs3775947","Tin","1.43e-1486",1485.844664,"chr4",9993611,9993621,9743616,10243616,"rs938564",9920949,4,9922573,"t","g",0.7488,0.328,0.0042,0,1322.493495,339525,"chr4",9920944,9920954
"rs3775947","Tin","1.43e-1486",1485.844664,"chr4",9993611,9993621,9743616,10243616,"rs9991278",10001041,4,10002665,"t","c",0.2029,-0.3462,0.0043,0,1386.931814,457644,"chr4",10001036,10001046
"rs3775947","Tin","1.43e-1486",1485.844664,"chr4",9993611,9993621,9743616,10243616,"rs9994216",9982917,4,9984541,"t","g",0.6794,0.27,0.0034,0,1407.447332,447633,"chr4",9982912,9982922
"rs3775947","Tin","1.43e-1486",1485.844664,"chr4",9993611,9993621,9743616,10243616,"rs9998811",9964853,4,9966477,"a","g",0.2206,-0.3336,0.0043,0,1311.530178,338584,"chr4",9964848,9964858
